r,s
0.0,-1.3258176636680326
0.1,-1.3256337048768772
0.2,-1.3254494751721517
0.30000000000000004,-1.325264973967492
0.4,-1.325080200674879
0.5,-1.3248951547046324
0.6000000000000001,-1.3247098354654046
0.7000000000000001,-1.3245242423641752
0.8,-1.3243383748062454
0.9,-1.3241522321952321
1.0,-1.3239658139330621
1.1,-1.3237791194199662
1.2000000000000002,-1.3235921480544728
1.3,-1.3234048992334029
1.4000000000000001,-1.3232173723518643
1.5,-1.3230295668032446
1.6,-1.3228414819792058
1.7000000000000002,-1.3226531172696787
1.8,-1.3224644720628562
1.9000000000000001,-1.322275545745188
2.0,-1.3220863377013738
2.1,-1.3218968473143575
2.2,-1.3217070739653212
2.3000000000000003,-1.3215170170336794
2.4000000000000004,-1.3213266758970719
2.5,-1.3211360499313582
2.6,-1.3209451385106121
2.7,-1.3207539410071134
2.8000000000000003,-1.3205624567913437
2.9000000000000004,-1.3203706852319788
3.0,-1.3201786256958834
3.1,-1.3199862775481037
3.2,-1.319793640151862
3.3000000000000003,-1.3196007128685496
3.4000000000000004,-1.3194074950577208
3.5,-1.3192139860770864
3.6,-1.319020185282507
3.7,-1.3188260920279866
3.8000000000000003,-1.3186317056656667
3.9000000000000004,-1.3184370255458182
4.0,-1.3182420510168371
4.1000000000000005,-1.3180467814252357
4.2,-1.317851216115637
4.3,-1.3176553544307688
4.4,-1.317459195711455
4.5,-1.3172627392966105
4.6000000000000005,-1.3170659845232349
4.7,-1.3168689307264034
4.800000000000001,-1.3166715772392625
4.9,-1.3164739233930218
5.0,-1.3162759685169476
5.1000000000000005,-1.3160777119383562
5.2,-1.315879152982606
5.300000000000001,-1.3156802909730918
5.4,-1.3154811252312373
5.5,-1.3152816550764883
5.6000000000000005,-1.3150818798263055
5.7,-1.3148817987961572
5.800000000000001,-1.3146814112995124
5.9,-1.3144807166478347
6.0,-1.314279714150573
6.1000000000000005,-1.3140784031151567
6.2,-1.3138767828469866
6.300000000000001,-1.313674852649429
6.4,-1.313472611823808
6.5,-1.3132700596693976
6.6000000000000005,-1.3130671954834154
6.7,-1.3128640185610145
6.800000000000001,-1.3126605281952768
6.9,-1.3124567236772047
7.0,-1.3122526042957148
7.1000000000000005,-1.312048169337629
7.2,-1.3118434180876686
7.300000000000001,-1.3116383498284452
7.4,-1.311432963840455
7.5,-1.3112272594020689
7.6000000000000005,-1.311021235789527
7.7,-1.3108148922769294
7.800000000000001,-1.3106082281362297
7.9,-1.3104012426372265
8.0,-1.3101939350475558
8.1,-1.3099863046326832
8.200000000000001,-1.3097783506558964
8.3,-1.3095700723782975
8.4,-1.3093614690587938
8.5,-1.3091525399540918
8.6,-1.3089432843186874
8.700000000000001,-1.3087337014048597
8.8,-1.3085237904626612
8.9,-1.3083135507399115
9.0,-1.3081029814821874
9.1,-1.3078920819328168
9.200000000000001,-1.3076808513328686
9.3,-1.307469288921146
9.4,-1.307257393934177
9.5,-1.3070451656062074
9.600000000000001,-1.3068326031691921
9.700000000000001,-1.3066197058527858
9.8,-1.3064064728843363
9.9,-1.3061929034888746
10.0,-1.3059789968891078
10.100000000000001,-1.3057647523054092
10.200000000000001,-1.3055501689558109
10.3,-1.3053352460559955
10.4,-1.3051199828192857
10.5,-1.304904378456638
10.600000000000001,-1.3046884321766328
10.700000000000001,-1.3044721431854653
10.8,-1.3042555106869385
10.9,-1.304038533882452
11.0,-1.3038212119709955
11.100000000000001,-1.303603544149139
11.200000000000001,-1.303385529611023
11.3,-1.3031671675483518
11.4,-1.3029484571503824
11.5,-1.302729397603917
11.600000000000001,-1.3025099880932927
11.700000000000001,-1.3022902278003738
11.8,-1.3020701159045418
11.9,-1.3018496515826863
12.0,-1.3016288340091962
12.100000000000001,-1.3014076623559503
12.200000000000001,-1.3011861357923082
12.3,-1.3009642534851007
12.4,-1.3007420145986204
12.5,-1.3005194182946131
12.600000000000001,-1.3002964637322676
12.700000000000001,-1.3000731500682063
12.8,-1.299849476456476
12.9,-1.2996254420485387
13.0,-1.2994010459932608
13.100000000000001,-1.299176287436905
13.200000000000001,-1.2989511655231196
13.3,-1.2987256793929292
13.4,-1.2984998281847244
13.5,-1.2982736110342539
13.600000000000001,-1.2980470270746114
13.700000000000001,-1.297820075436229
13.8,-1.2975927552468658
13.9,-1.2973650656315971
14.0,-1.2971370057128062
14.100000000000001,-1.2969085746101734
14.200000000000001,-1.2966797714406662
14.3,-1.2964505953185284
14.4,-1.2962210453552712
14.5,-1.295991120659662
14.600000000000001,-1.2957608203377147
14.700000000000001,-1.295530143492679
14.8,-1.2952990892250305
14.9,-1.2950676566324597
15.0,-1.2948358448098625
15.100000000000001,-1.2946036528493283
15.200000000000001,-1.2943710798401311
15.3,-1.294138124868718
15.4,-1.2939047870186986
15.5,-1.2936710653708345
15.600000000000001,-1.2934369590030284
15.700000000000001,-1.293202466990314
15.8,-1.2929675884048444
15.9,-1.2927323223158815
16.0,-1.2924966677897853
16.1,-1.292260623890003
16.2,-1.2920241896770577
16.3,-1.2917873642085373
16.400000000000002,-1.291550146539084
16.5,-1.2913125357203827
16.6,-1.29107453080115
16.7,-1.2908361308271226
16.8,-1.290597334841046
16.900000000000002,-1.2903581418826646
17.0,-1.2901185509887085
17.1,-1.2898785611928825
17.2,-1.2896381715258551
17.3,-1.2893973810152473
17.400000000000002,-1.2891561886856195
17.5,-1.288914593558462
17.6,-1.2886725946521813
17.7,-1.2884301909820892
17.8,-1.2881873815603921
17.900000000000002,-1.287944165396177
18.0,-1.287700541495401
18.1,-1.2874565088608798
18.2,-1.2872120664922742
18.3,-1.286967213386079
18.400000000000002,-1.2867219485356112
18.5,-1.2864762709309971
18.6,-1.2862301795591606
18.7,-1.2859836734038108
18.8,-1.285736751445429
18.900000000000002,-1.2854894126612582
19.0,-1.285241656025288
19.1,-1.2849934805082452
19.200000000000003,-1.2847448850775784
19.3,-1.2844958686974475
19.400000000000002,-1.2842464303287093
19.5,-1.2839965689289072
19.6,-1.2837462834522557
19.700000000000003,-1.2834955728496293
19.8,-1.2832444360685495
19.900000000000002,-1.2829928720531714
20.0,-1.2827408797442708
20.1,-1.2824884580792315
20.200000000000003,-1.2822356059920321
20.3,-1.2819823224132323
20.400000000000002,-1.2817286062699607
20.5,-1.2814744564859004
20.6,-1.2812198719812768
20.700000000000003,-1.2809648516728434
20.8,-1.2807093944738686
20.900000000000002,-1.280453499294122
21.0,-1.2801971650398616
21.1,-1.279940390613819
21.200000000000003,-1.2796831749151865
21.3,-1.2794255168396036
21.400000000000002,-1.2791674152791421
21.5,-1.2789088691222938
21.6,-1.2786498772539545
21.700000000000003,-1.2783904385554123
21.8,-1.2781305519043316
21.900000000000002,-1.27787021617474
22.0,-1.2776094302370145
22.1,-1.2773481929578656
22.200000000000003,-1.2770865032003251
22.3,-1.2768243598237299
22.400000000000002,-1.2765617616837088
22.5,-1.2762987076321675
22.6,-1.276035196517274
22.700000000000003,-1.275771227183444
22.8,-1.2755067984713262
22.900000000000002,-1.2752419092177878
23.0,-1.2749765582558992
23.1,-1.2747107444149197
23.200000000000003,-1.2744444665202819
23.3,-1.2741777233935767
23.400000000000002,-1.2739105138525393
23.5,-1.2736428367110324
23.6,-1.2733746907790322
23.700000000000003,-1.2731060748626124
23.8,-1.2728369877639294
23.900000000000002,-1.272567428281206
24.0,-1.2722973952087173
24.1,-1.2720268873367735
24.200000000000003,-1.2717559034517052
24.3,-1.2714844423358476
24.400000000000002,-1.2712125027675245
24.5,-1.2709400835210327
24.6,-1.2706671833666259
24.700000000000003,-1.2703938010704983
24.8,-1.270119935394769
24.900000000000002,-1.2698455850974664
25.0,-1.2695707489325108
25.1,-1.2692954256496982
25.200000000000003,-1.2690196139946854
25.3,-1.268743312708972
25.400000000000002,-1.2684665205298842
25.5,-1.2681892361905585
25.6,-1.2679114584199251
25.700000000000003,-1.2676331859426913
25.8,-1.2673544174793234
25.900000000000002,-1.2670751517460315
26.0,-1.266795387454752
26.1,-1.2665151233131298
26.200000000000003,-1.2662343580245017
26.3,-1.2659530902878795
26.400000000000002,-1.2656713187979323
26.5,-1.2653890422449696
26.6,-1.2651062593149227
26.700000000000003,-1.2648229686893289
26.8,-1.264539169045312
26.900000000000002,-1.264254859055567
27.0,-1.2639700373883394
27.1,-1.2636847027074098
27.200000000000003,-1.2633988536720753
27.3,-1.26311248893713
27.400000000000002,-1.2628256071528496
27.5,-1.2625382069649713
27.6,-1.2622502870146757
27.700000000000003,-1.261961845938569
27.8,-1.261672882368665
27.900000000000002,-1.2613833949323647
28.0,-1.2610933822524404
28.1,-1.2608028429470146
28.200000000000003,-1.2605117756295428
28.3,-1.260220178908794
28.400000000000002,-1.2599280513888313
28.5,-1.2596353916689944
28.6,-1.259342198343879
28.700000000000003,-1.2590484700033182
28.8,-1.2587542052323633
28.900000000000002,-1.258459402611264
29.0,-1.2581640607154498
29.1,-1.2578681781155092
29.200000000000003,-1.2575717533771713
29.3,-1.257274785061285
29.400000000000002,-1.2569772717238004
29.5,-1.2566792119157475
29.6,-1.256380604183217
29.700000000000003,-1.2560814470673405
29.8,-1.2557817391042696
29.900000000000002,-1.2554814788251556
30.0,-1.2551806647561303
30.1,-1.254879295418284
30.200000000000003,-1.2545773693276452
30.3,-1.2542748849951617
30.400000000000002,-1.2539718409266774
30.5,-1.253668235622913
30.6,-1.253364067579444
30.700000000000003,-1.2530593352866812
30.8,-1.2527540372298482
30.900000000000002,-1.2524481718889602
31.0,-1.252141737738804
31.1,-1.2518347332489146
31.200000000000003,-1.251527156883555
31.3,-1.251219007101695
31.400000000000002,-1.2509102823569878
31.5,-1.2506009810977492
31.6,-1.2502911017669363
31.700000000000003,-1.2499806428021238
31.8,-1.2496696026354837
31.900000000000002,-1.2493579796937615
32.0,-1.2490457723982544
32.1,-1.2487329791647896
32.2,-1.248419598403701
32.300000000000004,-1.2481056285198058
32.4,-1.2477910679123838
32.5,-1.2474759149751526
32.6,-1.2471601680962459
32.7,-1.246843825658189
32.800000000000004,-1.2465268860378775
32.9,-1.2462093476065523
33.0,-1.2458912087297775
33.1,-1.2455724677674158
33.2,-1.2452531230736055
33.300000000000004,-1.2449331729967366
33.4,-1.2446126158794275
33.5,-1.2442914500585
33.6,-1.243969673864956
33.7,-1.2436472856239529
33.800000000000004,-1.24332428365478
33.9,-1.2430006662708333
34.0,-1.2426764317795913
34.1,-1.2423515784825905
34.2,-1.2420261046754009
34.300000000000004,-1.2417000086475998
34.4,-1.241373288682749
34.5,-1.2410459430583678
34.6,-1.2407179700459086
34.7,-1.2403893679107318
34.800000000000004,-1.2400601349120797
34.9,-1.2397302693030514
35.0,-1.2393997693305772
35.1,-1.2390686332353922
35.2,-1.2387368592520112
35.300000000000004,-1.238404445608702
35.4,-1.2380713905274594
35.5,-1.2377376922239796
35.6,-1.237403348907632
35.7,-1.2370683587814348
35.800000000000004,-1.2367327200420273
35.9,-1.2363964308796427
36.0,-1.236059489478082
36.1,-1.2357218940146866
36.2,-1.2353836426603113
36.300000000000004,-1.235044733579297
36.4,-1.2347051649294425
36.5,-1.2343649348619785
36.6,-1.2340240415215384
36.7,-1.2336824830461317
36.800000000000004,-1.233340257567115
36.9,-1.232997363209165
37.0,-1.2326537980902492
37.1,-1.2323095603215983
37.2,-1.2319646480076782
37.300000000000004,-1.2316190592461596
37.4,-1.2312727921278914
37.5,-1.2309258447368707
37.6,-1.2305782151502134
37.7,-1.2302299014381264
37.800000000000004,-1.229880901663877
37.9,-1.2295312138837642
38.0,-1.2291808361470895
38.1,-1.2288297664961259
38.2,-1.2284780029660893
38.300000000000004,-1.2281255435851082
38.400000000000006,-1.2277723863741932
38.5,-1.2274185293472075
38.6,-1.2270639705108355
38.7,-1.2267087078645535
38.800000000000004,-1.2263527394005975
38.900000000000006,-1.2259960631039342
39.0,-1.2256386769522283
39.1,-1.2252805789158123
39.2,-1.2249217669576553
39.300000000000004,-1.224562239033331
39.400000000000006,-1.2242019930909873
39.5,-1.2238410270713127
39.6,-1.2234793389075063
39.7,-1.2231169265252448
39.800000000000004,-1.2227537878426509
39.900000000000006,-1.2223899207702602
40.0,-1.2220253232109897
40.1,-1.2216599930601042
40.2,-1.2212939282051845
40.300000000000004,-1.2209271265260937
40.400000000000006,-1.2205595858949452
40.5,-1.2201913041760677
40.6,-1.2198222792259736
40.7,-1.2194525088933241
40.800000000000004,-1.2190819910188968
40.900000000000006,-1.2187107234355505
41.0,-1.2183387039681923
41.1,-1.217965930433743
41.2,-1.2175924006411016
41.300000000000004,-1.2172181123911132
41.400000000000006,-1.216843063476533
41.5,-1.2164672516819905
41.6,-1.2160906747839564
41.7,-1.2157133305507057
41.800000000000004,-1.2153352167422844
41.900000000000006,-1.2149563311104719
42.0,-1.2145766713987465
42.1,-1.2141962353422493
42.2,-1.2138150206677487
42.300000000000004,-1.2134330250936032
42.400000000000006,-1.213050246329726
42.5,-1.212666682077548
42.6,-1.2122823300299814
42.7,-1.2118971878713827
42.800000000000004,-1.2115112532775156
42.900000000000006,-1.211124523915514
43.0,-1.2107369974438442
43.1,-1.2103486715122687
43.2,-1.2099595437618058
43.300000000000004,-1.209569611824695
43.400000000000006,-1.209178873324356
43.5,-1.2087873258753528
43.6,-1.2083949670833531
43.7,-1.2080017945450914
43.800000000000004,-1.207607805848329
43.900000000000006,-1.2072129985718165
44.0,-1.2068173702852525
44.1,-1.2064209185492463
44.2,-1.206023640915277
44.300000000000004,-1.2056255349256544
44.400000000000006,-1.2052265981134789
44.5,-1.2048268280026015
44.6,-1.2044262221075832
44.7,-1.2040247779336553
44.800000000000004,-1.2036224929766774
44.900000000000006,-1.203219364723098
45.0,-1.2028153906499124
45.1,-1.202410568224622
45.2,-1.2020048949051925
45.300000000000004,-1.2015983681400126
45.400000000000006,-1.2011909853678522
45.5,-1.20078274401782
45.6,-1.2003736415093211
45.7,-1.1999636752520157
45.800000000000004,-1.199552842645775
45.900000000000006,-1.1991411410806398
46.0,-1.1987285679367763
46.1,-1.1983151205844331
46.2,-1.1979007963838986
46.300000000000004,-1.1974855926854568
46.400000000000006,-1.197069506829343
46.5,-1.196652536145701
46.6,-1.1962346779545368
46.7,-1.1958159295656765
46.800000000000004,-1.1953962882787204
46.900000000000006,-1.194975751382998
47.0,-1.1945543161575234
47.1,-1.1941319798709495
47.2,-1.1937087397815234
47.300000000000004,-1.1932845931370395
47.400000000000006,-1.1928595371747948
47.5,-1.1924335691215417
47.6,-1.1920066861934417
47.7,-1.1915788855960199
47.800000000000004,-1.1911501645241174
47.900000000000006,-1.190720520161844
48.0,-1.1902899496825317
48.1,-1.1898584502486866
48.2,-1.1894260190119417
48.300000000000004,-1.1889926531130088
48.400000000000006,-1.1885583496816308
48.5,-1.1881231058365322
48.6,-1.187686918685372
48.7,-1.187249785324694
48.800000000000004,-1.1868117028398777
48.900000000000006,-1.18637266830509
49.0,-1.1859326787832343
49.1,-1.1854917313259024
49.2,-1.1850498229733233
49.300000000000004,-1.1846069507543135
49.400000000000006,-1.1841631116862268
49.5,-1.1837183027749028
49.6,-1.1832725210146178
49.7,-1.1828257633880315
49.800000000000004,-1.1823780268661377
49.900000000000006,-1.1819293084082108
50.0,-1.1814796049617557
50.1,-1.181028913462455
50.2,-1.1805772308341163
50.300000000000004,-1.18012455398862
50.400000000000006,-1.1796708798258675
50.5,-1.1792162052337265
50.6,-1.1787605270879784
50.7,-1.1783038422522658
50.800000000000004,-1.1778461475780373
50.900000000000006,-1.177387439904494
51.0,-1.1769277160585352
51.1,-1.1764669728547048
51.2,-1.1760052070951352
51.300000000000004,-1.1755424155694927
51.400000000000006,-1.1750785950549232
51.5,-1.1746137423159952
51.6,-1.1741478541046453
51.7,-1.1736809271601214
51.800000000000004,-1.1732129582089268
51.900000000000006,-1.1727439439647638
52.0,-1.1722738811284763
52.1,-1.1718027663879937
52.2,-1.1713305964182728
52.300000000000004,-1.1708573678812404
52.400000000000006,-1.170383077425736
52.5,-1.1699077216874532
52.6,-1.1694312972888812
52.7,-1.168953800839247
52.800000000000004,-1.168475228934456
52.900000000000006,-1.1679955781570324
53.0,-1.1675148450760604
53.1,-1.1670330262471251
53.2,-1.1665501182122513
53.300000000000004,-1.1660661174998435
53.400000000000006,-1.1655810206246267
53.5,-1.165094824087584
53.6,-1.1646075243758967
53.7,-1.1641191179628825
53.800000000000004,-1.1636296013079337
53.900000000000006,-1.1631389708564566
54.0,-1.1626472230398073
54.1,-1.1621543542752315
54.2,-1.1616603609657998
54.300000000000004,-1.1611652395003467
54.400000000000006,-1.1606689862534056
54.5,-1.1601715975851465
54.6,-1.1596730698413118
54.7,-1.1591733993531517
54.800000000000004,-1.1586725824373607
54.900000000000006,-1.1581706153960125
55.0,-1.1576674945164953
55.1,-1.1571632160714458
55.2,-1.156657776318685
55.300000000000004,-1.156151171501151
55.400000000000006,-1.1556433978468343
55.5,-1.1551344515687103
55.6,-1.154624328864673
55.7,-1.1541130259174681
55.800000000000004,-1.1536005388946258
55.900000000000006,-1.1530868639483938
56.0,-1.1525719972156676
56.1,-1.1520559348179245
56.2,-1.1515386728611543
56.300000000000004,-1.15102020743579
56.400000000000006,-1.1505005346166401
56.5,-1.149979650462818
56.6,-1.1494575510176726
56.7,-1.1489342323087195
56.800000000000004,-1.1484096903475696
56.900000000000006,-1.1478839211298588
57.0,-1.1473569206351775
57.1,-1.1468286848269988
57.2,-1.1462992096526086
57.300000000000004,-1.1457684910430315
57.400000000000006,-1.1452365249129615
57.5,-1.1447033071606871
57.6,-1.1441688336680205
57.7,-1.1436331003002236
57.800000000000004,-1.1430961029059348
57.900000000000006,-1.1425578373170968
58.0,-1.14201829934888
58.1,-1.1414774847996119
58.2,-1.1409353894506986
58.300000000000004,-1.1403920090665536
58.400000000000006,-1.13984733939452
58.5,-1.1393013761647972
58.6,-1.138754115090363
58.7,-1.1382055518668994
58.800000000000004,-1.137655682172715
58.900000000000006,-1.1371045016686698
59.0,-1.1365520059980956
59.1,-1.1359981907867214
59.2,-1.1354430516425942
59.300000000000004,-1.1348865841560016
59.400000000000006,-1.1343287838993932
59.5,-1.1337696464273024
59.6,-1.1332091672762672
59.7,-1.132647341964751
59.800000000000004,-1.1320841659930632
59.900000000000006,-1.1315196348432792
60.0,-1.1309537439791604
60.1,-1.1303864888460735
60.2,-1.1298178648709098
60.300000000000004,-1.1292478674620037
60.400000000000006,-1.128676492009052
60.5,-1.128103733883031
60.6,-1.1275295884361163
60.7,-1.1269540510015972
60.800000000000004,-1.1263771168937977
60.900000000000006,-1.1257987814079904
61.0,-1.1252190398203148
61.1,-1.124637887387693
61.2,-1.1240553193477454
61.300000000000004,-1.123471330918707
61.400000000000006,-1.1228859172993424
61.5,-1.1222990736688603
61.6,-1.121710795186829
61.7,-1.1211210769930904
61.800000000000004,-1.1205299142076734
61.900000000000006,-1.119937301930709
62.0,-1.1193432352423422
62.1,-1.1187477092026459
62.2,-1.118150718851533
62.300000000000004,-1.1175522592086693
62.400000000000006,-1.1169523252733864
62.5,-1.1163509120245914
62.6,-1.1157480144206797
62.7,-1.115143627399446
62.800000000000004,-1.114537745877995
62.900000000000006,-1.1139303647526517
63.0,-1.1133214788988715
63.1,-1.1127110831711504
63.2,-1.1120991724029339
63.300000000000004,-1.1114857414065271
63.400000000000006,-1.1108707849730026
63.5,-1.1102542978721093
63.6,-1.109636274852181
63.7,-1.1090167106400444
63.800000000000004,-1.1083955999409254
63.900000000000006,-1.107772937438358
64.0,-1.1071487177940904
64.10000000000001,-1.1065229356479918
64.2,-1.1058955856179586
64.3,-1.1052666622998206
64.4,-1.1046361602672463
64.5,-1.1040040740716488
64.60000000000001,-1.1033703982420908
64.7,-1.1027351272851886
64.8,-1.1020982556850178
64.9,-1.1014597779030164
65.0,-1.1008196883778887
65.10000000000001,-1.1001779815255093
65.2,-1.0995346517388265
65.3,-1.098889693387764
65.4,-1.098243100819125
65.5,-1.0975948683564933
65.60000000000001,-1.0969449903001363
65.7,-1.0962934609269055
65.8,-1.0956402744901392
65.9,-1.094985425219563
66.0,-1.09432890732119
66.10000000000001,-1.0936707149772222
66.2,-1.093010842345951
66.3,-1.092349283561656
66.4,-1.091686032734505
66.5,-1.0910210839504542
66.60000000000001,-1.0903544312711464
66.7,-1.0896860687338097
66.8,-1.089015990351157
66.9,-1.088344190111283
67.0,-1.087670661977563
67.10000000000001,-1.0869953998885502
67.2,-1.0863183977578734
67.3,-1.0856396494741338
67.4,-1.084959148900802
67.5,-1.0842768898761148
67.60000000000001,-1.083592866212971
67.7,-1.0829070716988283
67.8,-1.0822195000955983
67.9,-1.0815301451395427
68.0,-1.0808390005411683
68.10000000000001,-1.0801460599851218
68.2,-1.0794513171300855
68.3,-1.078754765608671
68.4,-1.0780563990273133
68.5,-1.0773562109661667
68.60000000000001,-1.0766541949789963
68.7,-1.0759503445930736
68.8,-1.075244653309068
68.9,-1.0745371146009421
69.0,-1.0738277219158432
69.10000000000001,-1.0731164686739962
69.2,-1.072403348268597
69.3,-1.0716883540657036
69.4,-1.070971479404129
69.5,-1.070252717595333
69.60000000000001,-1.0695320619233142
69.7,-1.0688095056445008
69.8,-1.0680850419876424
69.9,-1.0673586641537014
70.0,-1.0666303653157436
70.10000000000001,-1.0659001386188287
70.2,-1.0651679771799019
70.3,-1.0644338740876835
70.4,-1.0636978224025597
70.5,-1.0629598151564723
70.60000000000001,-1.0622198453528091
70.7,-1.061477905966294
70.8,-1.0607339899428758
70.9,-1.0599880901996186
71.0,-1.059240199624591
71.10000000000001,-1.0584903110767556
71.2,-1.0577384173858577
71.3,-1.056984511352315
71.4,-1.0562285857471063
71.5,-1.0554706333116606
71.60000000000001,-1.0547106467577454
71.7,-1.0539486187673561
71.8,-1.0531845419926047
71.9,-1.0524184090556072
72.0,-1.0516502125483738
72.10000000000001,-1.0508799450326953
72.2,-1.0501075990400341
72.3,-1.0493331670714103
72.4,-1.0485566415972907
72.5,-1.0477780150574778
72.60000000000001,-1.0469972798609968
72.7,-1.0462144283859853
72.8,-1.0454294529795805
72.9,-1.044642345957807
73.0,-1.043853099605467
73.10000000000001,-1.0430617061760263
73.2,-1.0422681578915045
73.3,-1.0414724469423622
73.4,-1.040674565487389
73.5,-1.0398745056535936
73.60000000000001,-1.039072259536091
73.7,-1.0382678191979913
73.8,-1.0374611766702881
73.9,-1.0366523239517484
74.0,-1.0358412530088001
74.10000000000001,-1.0350279557754216
74.2,-1.034212424153031
74.3,-1.033394650010375
74.4,-1.0325746251834182
74.5,-1.0317523414752334
74.60000000000001,-1.0309277906558898
74.7,-1.0301009644623447
74.8,-1.029271854598332
74.9,-1.0284404527342534
75.0,-1.0276067505070687
75.10000000000001,-1.026770739520186
75.2,-1.025932411343353
75.3,-1.0250917575125482
75.4,-1.0242487695298728
75.5,-1.023403438863441
75.60000000000001,-1.0225557569472739
75.7,-1.0217057151811901
75.8,-1.0208533049306996
75.9,-1.0199985175268957
76.0,-1.0191413442663497
76.10000000000001,-1.0182817764110026
76.2,-1.0174198051880612
76.3,-1.016555421789891
76.4,-1.0156886173739113
76.5,-1.0148193830624914
76.60000000000001,-1.0139477099428456
76.7,-1.013073589066929
76.80000000000001,-1.0121970114513341
76.9,-1.0113179680771889
77.0,-1.0104364498900535
77.10000000000001,-1.0095524477998181
77.2,-1.0086659526806026
77.30000000000001,-1.0077769553706546
77.4,-1.0068854466722503
77.5,-1.005991417351594
77.60000000000001,-1.005094858138719
77.7,-1.0041957597273896
77.80000000000001,-1.0032941127750035
77.9,-1.0023899079024943
78.0,-1.0014831356942346
78.10000000000001,-1.0005737866979412
78.2,-0.9996618514245794
78.30000000000001,-0.9987473203482689
78.4,-0.9978301839061904
78.5,-0.996910432498493
78.60000000000001,-0.9959880564882014
78.7,-0.9950630462011265
78.80000000000001,-0.994135391925773
78.9,-0.9932050839132521
79.0,-0.9922721123771914
79.10000000000001,-0.991336467493648
79.2,-0.9903981394010224
79.30000000000001,-0.9894571181999718
79.4,-0.9885133939533265
79.5,-0.9875669566860051
79.60000000000001,-0.9866177963849331
79.7,-0.9856659029989604
79.80000000000001,-0.9847112664387813
79.9,-0.9837538765768555
80.0,-0.982793723247329
80.10000000000001,-0.9818307962459579
80.2,-0.9808650853300325
80.30000000000001,-0.9798965802183018
80.4,-0.9789252705909021
80.5,-0.9779511460892826
80.60000000000001,-0.9769741963161362
80.7,-0.9759944108353305
80.80000000000001,-0.9750117791718376
80.9,-0.9740262908116702
81.0,-0.9730379352018146
81.10000000000001,-0.972046701750167
81.2,-0.971052579825473
81.30000000000001,-0.9700555587572646
81.4,-0.9690556278358028
81.5,-0.9680527763120191
81.60000000000001,-0.9670469933974601
81.7,-0.9660382682642333
81.80000000000001,-0.9650265900449537
81.9,-0.9640119478326944
82.0,-0.9629943306809362
82.10000000000001,-0.9619737276035211
82.2,-0.9609501275746068
82.30000000000001,-0.9599235195286229
82.4,-0.9588938923602298
82.5,-0.9578612349242784
82.60000000000001,-0.9568255360357726
82.7,-0.9557867844698341
82.80000000000001,-0.9547449689616683
82.9,-0.9537000782065331
83.0,-0.9526521008597094
83.10000000000001,-0.951601025536474
83.2,-0.9505468408120751
83.30000000000001,-0.9494895352217089
83.4,-0.9484290972605003
83.5,-0.9473655153834838
83.60000000000001,-0.9462987780055887
83.7,-0.9452288735016263
83.80000000000001,-0.9441557902062784
83.9,-0.9430795164140902
84.0,-0.9420000403794637
84.10000000000001,-0.9409173503166559
84.2,-0.9398314343997787
84.30000000000001,-0.9387422807628003
84.4,-0.937649877499552
84.5,-0.9365542126637353
84.60000000000001,-0.9354552742689335
84.7,-0.9343530502886258
84.80000000000001,-0.9332475286562038
84.9,-0.9321386972649921
85.0,-0.931026543968271
85.10000000000001,-0.9299110565793025
85.2,-0.9287922228713608
85.30000000000001,-0.9276700305777634
85.4,-0.9265444673919091
85.5,-0.925415520967315
85.60000000000001,-0.9242831789176613
85.7,-0.9231474288168363
85.80000000000001,-0.9220082581989868
85.9,-0.9208656545585713
86.0,-0.9197196053504169
86.10000000000001,-0.9185700979897796
86.2,-0.9174171198524104
86.30000000000001,-0.9162606582746216
86.4,-0.9151007005533603
86.5,-0.9139372339462845
86.60000000000001,-0.9127702456718424
86.7,-0.9115997229093581
86.80000000000001,-0.910425652799119
86.9,-0.9092480224424689
87.0,-0.908066818901905
87.10000000000001,-0.9068820292011787
87.2,-0.9056936403254024
87.30000000000001,-0.9045016392211584
87.4,-0.9033060127966154
87.5,-0.9021067479216459
87.60000000000001,-0.9009038314279519
87.7,-0.8996972501091935
87.80000000000001,-0.8984869907211223
87.9,-0.8972730399817204
88.0,-0.8960553845713439
88.10000000000001,-0.8948340111328719
88.2,-0.8936089062718605
88.30000000000001,-0.8923800565567015
88.4,-0.8911474485187876
88.5,-0.8899110686526817
88.60000000000001,-0.888670903416292
88.7,-0.8874269392310541
88.80000000000001,-0.8861791624821159
88.9,-0.8849275595185315
89.0,-0.8836721166534575
89.10000000000001,-0.8824128201643581
89.2,-0.8811496562932148
89.30000000000001,-0.8798826112467419
89.4,-0.8786116711966092
89.5,-0.8773368222796695
89.60000000000001,-0.8760580505981933
89.7,-0.874775342220111
89.80000000000001,-0.8734886831792585
89.9,-0.8721980594756332
90.0,-0.870903457075653
90.10000000000001,-0.8696048619124246
90.2,-0.8683022598860186
90.30000000000001,-0.8669956368637494
90.4,-0.8656849786804647
90.5,-0.8643702711388405
90.60000000000001,-0.8630515000096837
90.7,-0.8617286510322432
90.80000000000001,-0.8604017099145258
90.9,-0.8590706623336233
91.0,-0.8577354939360433
91.10000000000001,-0.8563961903380507
91.2,-0.8550527371260165
91.30000000000001,-0.8537051198567724
91.4,-0.852353324057977
91.5,-0.8509973352284871
91.60000000000001,-0.849637138838738
91.7,-0.8482727203311345
91.80000000000001,-0.8469040651204464
91.9,-0.8455311585942156
92.0,-0.844153986113171
92.10000000000001,-0.8427725330116514
92.2,-0.8413867845980395
92.30000000000001,-0.8399967261552014
92.4,-0.8386023429409392
92.5,-0.8372036201884494
92.60000000000001,-0.8358005431067934
92.7,-0.8343930968813756
92.80000000000001,-0.8329812666744315
92.9,-0.8315650376255268
93.0,-0.8301443948520639
93.10000000000001,-0.8287193234498003
93.2,-0.8272898084933772
93.30000000000001,-0.8258558350368559
93.4,-0.8244173881142677
93.5,-0.8229744527401717
93.60000000000001,-0.8215270139102238
93.7,-0.8200750566017578
93.80000000000001,-0.8186185657743749
93.9,-0.8171575263705458
94.0,-0.8156919233162234
94.10000000000001,-0.8142217415214656
94.2,-0.8127469658810721
94.30000000000001,-0.8112675812752286
94.4,-0.8097835725701668
94.5,-0.8082949246188323
94.60000000000001,-0.8068016222615667
94.7,-0.8053036503268011
94.80000000000001,-0.8038009936317604
94.9,-0.8022936369831818
95.0,-0.8007815651780434
95.10000000000001,-0.799264763004307
95.2,-0.7977432152416728
95.30000000000001,-0.7962169066623456
95.4,-0.7946858220318167
95.5,-0.7931499461096552
95.60000000000001,-0.7916092636503145
95.7,-0.7900637594039527
95.80000000000001,-0.788513418117263
95.9,-0.7869582245343223
96.0,-0.7853981633974483
96.10000000000001,-0.7838332194480742
96.2,-0.7822633774276359
96.30000000000001,-0.780688622078472
96.4,-0.7791089381447408
96.5,-0.7775243103733478
96.60000000000001,-0.7759347235148901
96.7,-0.7743401623246162
96.80000000000001,-0.7727406115633961
96.9,-0.771136055998712
97.0,-0.7695264804056583
97.10000000000001,-0.7679118695679602
97.2,-0.7662922082790075
97.30000000000001,-0.7646674813429001
97.4,-0.763037673575514
97.5,-0.7614027698055784
97.60000000000001,-0.7597627548757707
97.7,-0.7581176136438277
97.80000000000001,-0.7564673309836704
97.9,-0.7548118917865478
98.0,-0.7531512809621944
98.10000000000001,-0.7514854834400048
98.2,-0.7498144841702261
98.30000000000001,-0.7481382681251642
98.4,-0.7464568203004089
98.5,-0.7447701257160751
98.60000000000001,-0.7430781694180602
98.7,-0.7413809364793199
98.80000000000001,-0.7396784120011597
98.9,-0.7379705811145454
99.0,-0.7362574289814281
99.10000000000001,-0.7345389407960902
99.2,-0.7328151017865066
99.30000000000001,-0.7310858972157237
99.4,-0.7293513123832581
99.5,-0.7276113326265107
99.60000000000001,-0.7258659433221998
99.7,-0.7241151298878143
99.80000000000001,-0.7223588777830813
99.9,-0.7205971725114554
100.0,-0.7188299996216245
100.10000000000001,-0.7170573447090347
100.2,-0.7152791934174348
100.30000000000001,-0.713495531440437
100.4,-0.7117063445230993
100.5,-0.7099116184635249
100.60000000000001,-0.7081113391144803
100.7,-0.7063054923850353
100.80000000000001,-0.7044940642422175
100.9,-0.7026770407126911
101.0,-0.7008544078844502
101.10000000000001,-0.6990261519085347
101.2,-0.6971922590007653
101.30000000000001,-0.6953527154434955
101.4,-0.6935075075873868
101.5,-0.6916566218531999
101.60000000000001,-0.6898000447336078
101.7,-0.687937762795029
101.80000000000001,-0.6860697626794775
101.9,-0.6841960311064365
102.0,-0.6823165548747481
102.10000000000001,-0.6804313208645256
102.2,-0.6785403160390854
102.30000000000001,-0.6766435274468963
102.4,-0.6747409422235525
102.5,-0.6728325475937632
102.60000000000001,-0.6709183308733636
102.7,-0.6689982794713474
102.80000000000001,-0.667072380891915
102.9,-0.6651406227365472
103.0,-0.6632029927060933
103.10000000000001,-0.6612594786028829
103.2,-0.6593100683328579
103.30000000000001,-0.6573547499077195
103.4,-0.6553935114471023
103.5,-0.6534263411807619
103.60000000000001,-0.6514532274507853
103.7,-0.6494741587138215
103.80000000000001,-0.6474891235433293
103.9,-0.6454981106318481
104.0,-0.6435011087932844
104.10000000000001,-0.6414981069652204
104.2,-0.6394890942112426
104.30000000000001,-0.6374740597232861
104.4,-0.6354529928240029
104.5,-0.6334258829691446
104.60000000000001,-0.6313927197499675
104.7,-0.6293534928956559
104.80000000000001,-0.6273081922757624
104.9,-0.6252568079026691
105.0,-0.6231993299340659
105.10000000000001,-0.6211357486754471
105.2,-0.6190660545826281
105.30000000000001,-0.6169902382642766
105.4,-0.6149082904844658
105.5,-0.6128202021652414
105.60000000000001,-0.6107259643892085
105.7,-0.6086255684021362
105.80000000000001,-0.6065190056155764
105.9,-0.6044062676095028
106.0,-0.6022873461349642
106.10000000000001,-0.6001622331167548
106.2,-0.5980309206561023
106.30000000000001,-0.595893401033369
106.4,-0.593749666710771
106.5,-0.5915997103351114
106.60000000000001,-0.5894435247405289
106.7,-0.5872811029512623
106.80000000000001,-0.5851124381844272
106.9,-0.5829375238528094
107.0,-0.5807563535676704
107.10000000000001,-0.5785689211415666
107.2,-0.5763752205911836
107.30000000000001,-0.57417524614018
107.4,-0.5719689922220473
107.5,-0.5697564534829784
107.60000000000001,-0.5675376247847504
107.7,-0.5653125012076187
107.80000000000001,-0.5630810780532184
107.9,-0.5608433508474823
108.0,-0.5585993153435624
108.10000000000001,-0.5563489675247658
108.2,-0.5540923036074983
108.30000000000001,-0.5518293200442141
108.4,-0.5495600135263794
108.5,-0.5472843809874369
108.60000000000001,-0.5450024196057824
108.7,-0.5427141268077473
108.80000000000001,-0.5404195002705839
108.9,-0.5381185379254617
109.0,-0.5358112379604637
109.10000000000001,-0.5334975988235897
109.2,-0.5311776192257647
109.30000000000001,-0.5288512981438461
109.4,-0.5265186348236401
109.5,-0.5241796287829132
109.60000000000001,-0.5218342798144102
109.7,-0.519482587988872
109.80000000000001,-0.5171245536580512
109.9,-0.5147601774577307
110.0,-0.5123894603107377
110.10000000000001,-0.5100124034299582
110.2,-0.5076290083213494
110.30000000000001,-0.5052392767869446
110.4,-0.5028432109278607
110.5,-0.5004408131472942
110.60000000000001,-0.49803208615351585
110.7,-0.4956170329628596
110.80000000000001,-0.4931956569026996
110.9,-0.49076796161442593
111.0,-0.48833395105640554
111.10000000000001,-0.48589362950693765
111.2,-0.4834470015671989
111.30000000000001,-0.48099407216417345
111.4,-0.4785348465535768
111.5,-0.4760693303227612
111.60000000000001,-0.47359752939361105
111.7,-0.4711194500254235
111.80000000000001,-0.4686350988177702
111.9,-0.46614448271334785
112.0,-0.4636476090008061
112.10000000000001,-0.46114448531756086
112.2,-0.4586351196525881
112.30000000000001,-0.45611952034919445
112.4,-0.4535976961077716
112.5,-0.4510696559885235
112.60000000000001,-0.44853540941417386
112.7,-0.44599496617265005
112.80000000000001,-0.4434483364197379
112.9,-0.440895530681716
113.0,-0.43833655985795783
113.10000000000001,-0.43577143522350875
113.2,-0.43320016843163484
113.30000000000001,-0.43062277151633693
113.4,-0.4280392568948396
113.5,-0.42544963737004227
113.60000000000001,-0.4228539261329405
113.7,-0.42025213676501294
113.80000000000001,-0.41764428324056946
113.9,-0.41503037992906777
114.0,-0.4124104415973873
114.10000000000001,-0.409784483412068
114.2,-0.40715252094150917
114.30000000000001,-0.40451457015812375
114.4,-0.40187064744045636
114.5,-0.39922076957525254
114.60000000000001,-0.3965649537594876
114.7,-0.39390321760234975
114.80000000000001,-0.3912355791271739
114.9,-0.38856205677333266
115.0,-0.38588266939807375
115.10000000000001,-0.3831974362783111
115.2,-0.3805063771123648
115.30000000000001,-0.37780951202164614
115.4,-0.37510686155229445
115.5,-0.3723984466767542
115.60000000000001,-0.36968428879530113
115.7,-0.36696440973751115
115.80000000000001,-0.3642388317636688
115.9,-0.36150757756612206
116.0,-0.3587706702705722
116.10000000000001,-0.3560281334373068
116.2,-0.3532799910623704
116.30000000000001,-0.3505262675786688
116.4,-0.34776698785701515
116.5,-0.34500217720710513
116.60000000000001,-0.3422318613784297
116.7,-0.33945606656112115
116.80000000000001,-0.3366748193867269
116.9,-0.3338881469289196
117.0,-0.3310960767041321
117.10000000000001,-0.3282986366721242
117.2,-0.32549585523647795
117.30000000000001,-0.3226877612450153
117.4,-0.3198743839901481
117.5,-0.31705575320914703
117.60000000000001,-0.3142318990843381
117.7,-0.31140285224322295
117.80000000000001,-0.30856864375851695
117.9,-0.305729305148115
118.0,-0.3028848683749714
118.10000000000001,-0.30003536584690377
118.2,-0.2971808304163158
118.30000000000001,-0.2943212953798338
118.4,-0.29145679447786693
118.5,-0.2885873618940774
118.60000000000001,-0.285713032254771
118.7,-0.2828338406282024
118.80000000000001,-0.2799498225237908
118.9,-0.27706101389125565
119.0,-0.2741674511196588
119.10000000000001,-0.27126917103636383
119.2,-0.2683662109059068
119.30000000000001,-0.26545860842877433
119.4,-0.26254640174009886
119.5,-0.2596296294082575
119.60000000000001,-0.2567083304333854
119.7,-0.253782544245798
119.80000000000001,-0.2508523107043181
119.9,-0.24791767009451823
120.0,-0.24497866312686414
120.10000000000001,-0.2420353309347711
120.2,-0.2390877150725671
120.30000000000001,-0.23613585751335978
120.4,-0.23317980064681623
120.5,-0.23021958727684372
120.60000000000001,-0.22725526061918117
120.7,-0.22428686429889724
120.80000000000001,-0.22131444234779096
120.9,-0.21833803920170478
121.0,-0.21535769969773805
121.10000000000001,-0.212373469071371
121.2,-0.2093853929534954
121.30000000000001,-0.20639351736734746
121.4,-0.20339788872535386
121.5,-0.2003985538258785
121.60000000000001,-0.1973955598498805
121.7,-0.19438895435747944
121.80000000000001,-0.19137878528442423
121.9,-0.18836510093847633
122.0,-0.18534794999569476
122.10000000000001,-0.18232738149663427
122.2,-0.1793034448424526
122.30000000000001,-0.17627618979092324
122.4,-0.17324566645236478
122.5,-0.1702119252854744
122.60000000000001,-0.16717501709307736
122.7,-0.16413499301778814
122.80000000000001,-0.16109190453758016
122.9,-0.15804580346127525
123.0,-0.15499674192394097
123.10000000000001,-0.15194477238220694
123.2,-0.14888994760949717
123.30000000000001,-0.14583232069117472
123.4,-0.14277194501961044
123.5,-0.13970887428916365
123.60000000000001,-0.13664316249108682
123.7,-0.13357486390835094
123.80000000000001,-0.1305040331103879
123.9,-0.12743072494776245
124.0,-0.12435499454676144
124.10000000000001,-0.12127689730391251
124.2,-0.11819648888042918
124.30000000000001,-0.11511382519657908
124.4,-0.1120289624259877
124.5,-0.10894195698986579
124.60000000000001,-0.10585286555117272
124.7,-0.1027617450087128
124.80000000000001,-0.09966865249116168
124.9,-0.09657364535103528
125.0,-0.09347678115858947
125.10000000000001,-0.09037811769566305
125.2,-0.08727771294946136
125.30000000000001,-0.08417562510627748
125.4,-0.08107191254516377
125.5,-0.0779666338315423
125.60000000000001,-0.07485984771076659
125.7,-0.07175161310163228
125.80000000000001,-0.06864198908983378
125.9,-0.06553103492137999
126.0,-0.06241880999595735
126.10000000000001,-0.05930537386025321
126.2,-0.05619078620123701
126.30000000000001,-0.053075106839396584
126.4,-0.049958395721942585
126.5,-0.046840712915969654
126.60000000000001,-0.04372211860158735
126.7,-0.040602673065018295
126.80000000000001,-0.03748243669166113
126.9,-0.03436146995913129
127.0,-0.031239833430268277
127.10000000000001,-0.02811758774612264
127.2,-0.02499479361892007
127.30000000000001,-0.021871511825000342
127.4,-0.018747803197744183
127.5,-0.015623728620476831
127.60000000000001,-0.012499349019361412
127.7,-0.009374725356279806
127.80000000000001,-0.006249918621698607
127.9,-0.003124989827533385
128.0,0.0
128.1,0.003124989827533385
128.20000000000002,0.006249918621699495
128.3,0.00937472535628025
128.4,0.012499349019361856
128.5,0.015623728620476831
128.6,0.018747803197744183
128.70000000000002,0.02187151182500123
128.8,0.024994793618920513
128.9,0.028117587746123083
129.0,0.031239833430268277
129.1,0.03436146995913129
129.20000000000002,0.03748243669166202
129.3,0.04060267306501874
129.4,0.04372211860158779
129.5,0.046840712915969654
129.6,0.049958395721942585
129.70000000000002,0.05307510683939747
129.8,0.05619078620123746
129.9,0.05930537386025365
130.0,0.06241880999595735
130.1,0.06553103492137999
130.20000000000002,0.06864198908983465
130.3,0.07175161310163271
130.4,0.07485984771076704
130.5,0.0779666338315423
130.6,0.08107191254516377
130.70000000000002,0.08417562510627835
130.8,0.08727771294946181
130.9,0.09037811769566349
131.0,0.09347678115858947
131.1,0.09657364535103528
131.20000000000002,0.09966865249116255
131.3,0.10276174500871324
131.4,0.10585286555117317
131.5,0.10894195698986579
131.6,0.1120289624259877
131.70000000000002,0.11511382519657995
131.8,0.1181964888804296
131.9,0.12127689730391294
132.0,0.12435499454676144
132.1,0.12743072494776245
132.20000000000002,0.13050403311038877
132.3,0.13357486390835138
132.4,0.13664316249108727
132.5,0.13970887428916365
132.6,0.14277194501961044
132.70000000000002,0.1458323206911756
132.8,0.14888994760949759
132.9,0.15194477238220738
133.0,0.15499674192394097
133.1,0.15804580346127525
133.20000000000002,0.16109190453758102
133.3,0.16413499301778858
133.4,0.1671750170930778
133.5,0.1702119252854744
133.6,0.17324566645236478
133.70000000000002,0.1762761897909241
133.8,0.17930344484245303
133.9,0.1823273814966347
134.0,0.18534794999569476
134.1,0.18836510093847633
134.20000000000002,0.1913787852844251
134.3,0.19438895435747985
134.4,0.19739555984988094
134.5,0.2003985538258785
134.6,0.20339788872535386
134.70000000000002,0.2063935173673483
134.8,0.20938539295349584
134.9,0.21237346907137145
135.0,0.21535769969773805
135.1,0.21833803920170478
135.20000000000002,0.2213144423477918
135.3,0.22428686429889766
135.4,0.22725526061918158
135.5,0.23021958727684372
135.6,0.23317980064681623
135.70000000000002,0.2361358575133606
135.8,0.2390877150725675
135.9,0.2420353309347715
136.0,0.24497866312686414
136.1,0.24791767009451823
136.20000000000002,0.25085231070431896
136.3,0.25378254424579844
136.4,0.25670833043338587
136.5,0.2596296294082575
136.6,0.26254640174009886
136.70000000000002,0.26545860842877517
136.8,0.2683662109059072
136.9,0.2712691710363642
137.0,0.2741674511196588
137.1,0.27706101389125565
137.20000000000002,0.27994982252379164
137.3,0.28283384062820277
137.4,0.2857130322547714
137.5,0.2885873618940774
137.6,0.29145679447786693
137.70000000000002,0.29432129537983465
137.8,0.2971808304163162
137.9,0.30003536584690416
138.0,0.3028848683749714
138.1,0.305729305148115
138.20000000000002,0.3085686437585178
138.3,0.31140285224322334
138.4,0.31423189908433846
138.5,0.31705575320914703
138.6,0.3198743839901481
138.70000000000002,0.3226877612450161
138.8,0.32549585523647834
138.9,0.3282986366721246
139.0,0.3310960767041321
139.1,0.3338881469289196
139.20000000000002,0.33667481938672766
139.3,0.3394560665611216
139.4,0.3422318613784301
139.5,0.34500217720710513
139.6,0.34776698785701515
139.70000000000002,0.35052626757866956
139.8,0.3532799910623708
139.9,0.3560281334373072
140.0,0.3587706702705722
140.1,0.36150757756612206
140.20000000000002,0.36423883176366956
140.3,0.36696440973751154
140.4,0.3696842887953015
140.5,0.3723984466767542
140.6,0.37510686155229445
140.70000000000002,0.3778095120216469
140.8,0.3805063771123652
140.9,0.3831974362783115
141.0,0.38588266939807375
141.1,0.38856205677333266
141.20000000000002,0.3912355791271746
141.3,0.3939032176023501
141.4,0.39656495375948797
141.5,0.39922076957525254
141.6,0.40187064744045636
141.70000000000002,0.4045145701581245
141.8,0.40715252094150955
141.9,0.4097844834120684
142.0,0.4124104415973873
142.1,0.41503037992906777
142.20000000000002,0.4176442832405702
142.3,0.42025213676501333
142.4,0.42285392613294087
142.5,0.42544963737004227
142.6,0.4280392568948396
142.70000000000002,0.43062277151633765
142.8,0.4332001684316352
142.9,0.43577143522350914
143.0,0.43833655985795783
143.1,0.440895530681716
143.20000000000002,0.44344833641973863
143.3,0.44599496617265044
143.4,0.44853540941417425
143.5,0.4510696559885235
143.6,0.4535976961077716
143.70000000000002,0.4561195203491952
143.8,0.45863511965258846
143.9,0.4611444853175612
144.0,0.4636476090008061
144.1,0.46614448271334785
144.20000000000002,0.46863509881777093
144.3,0.4711194500254239
144.4,0.47359752939361144
144.5,0.4760693303227612
144.6,0.4785348465535768
144.70000000000002,0.48099407216417417
144.8,0.4834470015671993
144.9,0.48589362950693804
145.0,0.48833395105640554
145.1,0.49076796161442593
145.20000000000002,0.4931956569027003
145.3,0.4956170329628599
145.4,0.4980320861535162
145.5,0.5004408131472942
145.6,0.5028432109278607
145.70000000000002,0.5052392767869454
145.8,0.5076290083213497
145.9,0.5100124034299586
146.0,0.5123894603107377
146.1,0.5147601774577307
146.20000000000002,0.5171245536580519
146.3,0.5194825879888724
146.4,0.5218342798144106
146.5,0.5241796287829132
146.6,0.5265186348236401
146.70000000000002,0.5288512981438468
146.8,0.5311776192257649
146.9,0.53349759882359
147.0,0.5358112379604637
147.1,0.5381185379254617
147.20000000000002,0.5404195002705845
147.3,0.5427141268077477
147.4,0.5450024196057828
147.5,0.5472843809874369
147.6,0.5495600135263794
147.70000000000002,0.5518293200442148
147.8,0.5540923036074985
147.9,0.5563489675247661
148.0,0.5585993153435624
148.1,0.5608433508474823
148.20000000000002,0.563081078053219
148.3,0.565312501207619
148.4,0.5675376247847508
148.5,0.5697564534829784
148.6,0.5719689922220473
148.70000000000002,0.5741752461401806
148.8,0.576375220591184
148.9,0.5785689211415669
149.0,0.5807563535676704
149.1,0.5829375238528094
149.20000000000002,0.5851124381844277
149.3,0.5872811029512627
149.4,0.5894435247405292
149.5,0.5915997103351114
149.6,0.593749666710771
149.70000000000002,0.5958934010333695
149.8,0.5980309206561026
149.9,0.6001622331167551
150.0,0.6022873461349642
150.1,0.6044062676095028
150.20000000000002,0.6065190056155769
150.3,0.6086255684021366
150.4,0.6107259643892087
150.5,0.6128202021652414
150.6,0.6149082904844658
150.70000000000002,0.6169902382642771
150.8,0.6190660545826284
150.9,0.6211357486754474
151.0,0.6231993299340659
151.1,0.6252568079026691
151.20000000000002,0.6273081922757628
151.3,0.6293534928956562
151.4,0.6313927197499678
151.5,0.6334258829691446
151.6,0.6354529928240029
151.70000000000002,0.6374740597232866
151.8,0.6394890942112429
151.9,0.6414981069652207
152.0,0.6435011087932844
152.1,0.6454981106318481
152.20000000000002,0.6474891235433299
152.3,0.6494741587138217
152.4,0.6514532274507856
152.5,0.6534263411807619
152.6,0.6553935114471023
152.70000000000002,0.65735474990772
152.8,0.6593100683328581
152.9,0.6612594786028833
153.0,0.6632029927060933
153.1,0.6651406227365472
153.20000000000002,0.6670723808919156
153.3,0.6689982794713476
153.4,0.6709183308733639
153.5,0.6728325475937632
153.60000000000002,0.6747409422235531
153.70000000000002,0.6766435274468968
153.8,0.6785403160390857
153.9,0.6804313208645258
154.0,0.6823165548747481
154.10000000000002,0.684196031106437
154.20000000000002,0.6860697626794781
154.3,0.6879377627950293
154.4,0.689800044733608
154.5,0.6916566218531999
154.60000000000002,0.6935075075873873
154.70000000000002,0.695352715443496
154.8,0.6971922590007655
154.9,0.6990261519085349
155.0,0.7008544078844502
155.10000000000002,0.7026770407126917
155.20000000000002,0.704494064242218
155.3,0.7063054923850355
155.4,0.7081113391144805
155.5,0.7099116184635249
155.60000000000002,0.7117063445230999
155.70000000000002,0.7134955314404374
155.8,0.7152791934174351
155.9,0.7170573447090349
156.0,0.7188299996216245
156.10000000000002,0.7205971725114559
156.20000000000002,0.7223588777830817
156.3,0.7241151298878147
156.4,0.7258659433222001
156.5,0.7276113326265107
156.60000000000002,0.7293513123832587
156.70000000000002,0.7310858972157241
156.8,0.7328151017865068
156.9,0.7345389407960904
157.0,0.7362574289814281
157.10000000000002,0.7379705811145458
157.20000000000002,0.7396784120011602
157.3,0.7413809364793201
157.4,0.7430781694180604
157.5,0.7447701257160751
157.60000000000002,0.7464568203004094
157.70000000000002,0.7481382681251646
157.8,0.7498144841702263
157.9,0.751485483440005
158.0,0.7531512809621944
158.10000000000002,0.7548118917865483
158.20000000000002,0.7564673309836708
158.3,0.7581176136438279
158.4,0.7597627548757709
158.5,0.7614027698055784
158.60000000000002,0.7630376735755144
158.70000000000002,0.7646674813429005
158.8,0.7662922082790077
158.9,0.7679118695679604
159.0,0.7695264804056583
159.10000000000002,0.7711360559987125
159.20000000000002,0.7727406115633966
159.3,0.7743401623246164
159.4,0.7759347235148903
159.5,0.7775243103733478
159.60000000000002,0.7791089381447412
159.70000000000002,0.7806886220784724
159.8,0.7822633774276361
159.9,0.7838332194480744
160.0,0.7853981633974483
160.10000000000002,0.7869582245343227
160.20000000000002,0.7885134181172635
160.3,0.7900637594039529
160.4,0.7916092636503147
160.5,0.7931499461096552
160.60000000000002,0.7946858220318171
160.70000000000002,0.796216906662346
160.8,0.797743215241673
160.9,0.7992647630043073
161.0,0.8007815651780434
161.10000000000002,0.8022936369831822
161.20000000000002,0.8038009936317608
161.3,0.8053036503268013
161.4,0.8068016222615668
161.5,0.8082949246188323
161.60000000000002,0.8097835725701672
161.70000000000002,0.811267581275229
161.8,0.8127469658810723
161.9,0.8142217415214659
162.0,0.8156919233162234
162.10000000000002,0.8171575263705463
162.20000000000002,0.8186185657743753
162.3,0.8200750566017581
162.4,0.821527013910224
162.5,0.8229744527401717
162.60000000000002,0.8244173881142681
162.70000000000002,0.8258558350368562
162.8,0.8272898084933774
162.9,0.8287193234498005
163.0,0.8301443948520639
163.10000000000002,0.8315650376255272
163.20000000000002,0.832981266674432
163.3,0.8343930968813759
163.4,0.8358005431067936
163.5,0.8372036201884494
163.60000000000002,0.8386023429409395
163.70000000000002,0.8399967261552017
163.8,0.8413867845980397
163.9,0.8427725330116517
164.0,0.844153986113171
164.10000000000002,0.845531158594216
164.20000000000002,0.8469040651204467
164.3,0.8482727203311348
164.4,0.8496371388387383
164.5,0.8509973352284871
164.60000000000002,0.8523533240579775
164.70000000000002,0.8537051198567728
164.8,0.8550527371260167
164.9,0.8563961903380509
165.0,0.8577354939360433
165.10000000000002,0.8590706623336236
165.20000000000002,0.8604017099145262
165.3,0.8617286510322434
165.4,0.8630515000096839
165.5,0.8643702711388405
165.60000000000002,0.8656849786804651
165.70000000000002,0.8669956368637497
165.8,0.8683022598860188
165.9,0.8696048619124248
166.0,0.870903457075653
166.10000000000002,0.8721980594756336
166.20000000000002,0.873488683179259
166.3,0.8747753422201112
166.4,0.8760580505981935
166.5,0.8773368222796695
166.60000000000002,0.8786116711966097
166.70000000000002,0.8798826112467423
166.8,0.8811496562932151
166.9,0.8824128201643582
167.0,0.8836721166534575
167.10000000000002,0.8849275595185319
167.20000000000002,0.8861791624821163
167.3,0.8874269392310543
167.4,0.8886709034162922
167.5,0.8899110686526817
167.60000000000002,0.8911474485187879
167.70000000000002,0.8923800565567018
167.8,0.8936089062718606
167.9,0.8948340111328721
168.0,0.8960553845713439
168.10000000000002,0.8972730399817208
168.20000000000002,0.8984869907211226
168.3,0.8996972501091938
168.4,0.900903831427952
168.5,0.9021067479216459
168.60000000000002,0.9033060127966157
168.70000000000002,0.9045016392211588
168.8,0.9056936403254026
168.9,0.9068820292011789
169.0,0.908066818901905
169.10000000000002,0.9092480224424693
169.20000000000002,0.9104256527991192
169.3,0.9115997229093583
169.4,0.9127702456718425
169.5,0.9139372339462845
169.60000000000002,0.9151007005533607
169.70000000000002,0.9162606582746219
169.8,0.9174171198524106
169.9,0.9185700979897797
170.0,0.9197196053504169
170.10000000000002,0.9208656545585716
170.20000000000002,0.9220082581989871
170.3,0.9231474288168365
170.4,0.9242831789176614
170.5,0.925415520967315
170.60000000000002,0.9265444673919094
170.70000000000002,0.9276700305777638
170.8,0.9287922228713609
170.9,0.9299110565793026
171.0,0.931026543968271
171.10000000000002,0.9321386972649924
171.20000000000002,0.9332475286562041
171.3,0.9343530502886259
171.4,0.9354552742689336
171.5,0.9365542126637353
171.60000000000002,0.9376498774995523
171.70000000000002,0.9387422807628006
171.8,0.9398314343997789
171.9,0.9409173503166561
172.0,0.9420000403794637
172.10000000000002,0.9430795164140904
172.20000000000002,0.9441557902062787
172.3,0.9452288735016265
172.4,0.9462987780055888
172.5,0.9473655153834838
172.60000000000002,0.9484290972605005
172.70000000000002,0.9494895352217092
172.8,0.9505468408120753
172.9,0.9516010255364742
173.0,0.9526521008597094
173.10000000000002,0.9537000782065334
173.20000000000002,0.9547449689616686
173.3,0.9557867844698343
173.4,0.9568255360357727
173.5,0.9578612349242784
173.60000000000002,0.9588938923602301
173.70000000000002,0.9599235195286232
173.8,0.960950127574607
173.9,0.9619737276035212
174.0,0.9629943306809362
174.10000000000002,0.9640119478326946
174.20000000000002,0.965026590044954
174.3,0.9660382682642334
174.4,0.9670469933974603
174.5,0.9680527763120191
174.60000000000002,0.9690556278358031
174.70000000000002,0.9700555587572649
174.8,0.9710525798254732
174.9,0.9720467017501672
175.0,0.9730379352018146
175.10000000000002,0.9740262908116706
175.20000000000002,0.9750117791718379
175.3,0.9759944108353306
175.4,0.9769741963161365
175.5,0.9779511460892826
175.60000000000002,0.9789252705909023
175.70000000000002,0.9798965802183022
175.8,0.9808650853300326
175.9,0.981830796245958
176.0,0.982793723247329
176.10000000000002,0.9837538765768558
176.20000000000002,0.9847112664387816
176.3,0.9856659029989605
176.4,0.9866177963849332
176.5,0.9875669566860051
176.60000000000002,0.9885133939533267
176.70000000000002,0.9894571181999721
176.8,0.9903981394010225
176.9,0.9913364674936481
177.0,0.9922721123771914
177.10000000000002,0.9932050839132524
177.20000000000002,0.9941353919257734
177.3,0.9950630462011266
177.4,0.9959880564882017
177.5,0.996910432498493
177.60000000000002,0.9978301839061907
177.70000000000002,0.9987473203482691
177.8,0.9996618514245795
177.9,1.0005737866979414
178.0,1.0014831356942346
178.10000000000002,1.0023899079024947
178.20000000000002,1.003294112775004
178.3,1.0041957597273898
178.4,1.005094858138719
178.5,1.005991417351594
178.60000000000002,1.0068854466722506
178.70000000000002,1.0077769553706548
178.8,1.0086659526806026
178.9,1.0095524477998181
179.0,1.0104364498900535
179.10000000000002,1.011317968077189
179.20000000000002,1.0121970114513343
179.3,1.0130735890669291
179.4,1.0139477099428458
179.5,1.0148193830624914
179.60000000000002,1.0156886173739115
179.70000000000002,1.016555421789891
179.8,1.0174198051880612
179.9,1.0182817764110028
180.0,1.0191413442663497
180.10000000000002,1.0199985175268962
180.20000000000002,1.0208533049306998
180.3,1.0217057151811901
180.4,1.0225557569472739
180.5,1.023403438863441
180.60000000000002,1.024248769529873
180.70000000000002,1.0250917575125484
180.8,1.025932411343353
180.9,1.026770739520186
181.0,1.0276067505070687
181.10000000000002,1.0284404527342537
181.20000000000002,1.0292718545983321
181.3,1.0301009644623447
181.4,1.0309277906558898
181.5,1.0317523414752334
181.60000000000002,1.0325746251834185
181.70000000000002,1.0333946500103752
181.8,1.0342124241530313
181.9,1.0350279557754218
182.0,1.0358412530088001
182.10000000000002,1.0366523239517487
182.20000000000002,1.0374611766702884
182.3,1.0382678191979913
182.4,1.039072259536091
182.5,1.0398745056535936
182.60000000000002,1.0406745654873892
182.70000000000002,1.0414724469423622
182.8,1.0422681578915047
182.9,1.0430617061760266
183.0,1.043853099605467
183.10000000000002,1.0446423459578071
183.20000000000002,1.0454294529795805
183.3,1.0462144283859856
183.4,1.046997279860997
183.5,1.0477780150574778
183.60000000000002,1.048556641597291
183.70000000000002,1.0493331670714103
183.8,1.0501075990400344
183.9,1.0508799450326956
184.0,1.0516502125483738
184.10000000000002,1.0524184090556075
184.20000000000002,1.053184541992605
184.3,1.0539486187673563
184.4,1.0547106467577454
184.5,1.0554706333116606
184.60000000000002,1.0562285857471065
184.70000000000002,1.056984511352315
184.8,1.0577384173858577
184.9,1.0584903110767556
185.0,1.059240199624591
185.10000000000002,1.0599880901996188
185.20000000000002,1.0607339899428758
185.3,1.061477905966294
185.4,1.0622198453528093
185.5,1.0629598151564723
185.60000000000002,1.0636978224025597
185.70000000000002,1.0644338740876838
185.8,1.065167977179902
185.9,1.0659001386188287
186.0,1.0666303653157436
186.10000000000002,1.0673586641537016
186.20000000000002,1.0680850419876426
186.3,1.0688095056445008
186.4,1.0695320619233142
186.5,1.070252717595333
186.60000000000002,1.070971479404129
186.70000000000002,1.0716883540657036
186.8,1.072403348268597
186.9,1.0731164686739965
187.0,1.0738277219158432
187.10000000000002,1.0745371146009424
187.20000000000002,1.0752446533090683
187.3,1.0759503445930736
187.4,1.0766541949789965
187.5,1.0773562109661667
187.60000000000002,1.0780563990273135
187.70000000000002,1.0787547656086711
187.8,1.0794513171300857
187.9,1.080146059985122
188.0,1.0808390005411683
188.10000000000002,1.081530145139543
188.20000000000002,1.0822195000955985
188.3,1.0829070716988283
188.4,1.083592866212971
188.5,1.0842768898761148
188.60000000000002,1.0849591489008021
188.70000000000002,1.0856396494741338
188.8,1.0863183977578734
188.9,1.0869953998885502
189.0,1.087670661977563
189.10000000000002,1.0883441901112831
189.20000000000002,1.0890159903511571
189.3,1.08968606873381
189.4,1.0903544312711464
189.5,1.0910210839504542
189.60000000000002,1.0916860327345053
189.70000000000002,1.0923492835616562
189.8,1.0930108423459513
189.9,1.0936707149772225
190.0,1.09432890732119
190.10000000000002,1.094985425219563
190.20000000000002,1.0956402744901395
190.3,1.0962934609269057
190.4,1.0969449903001363
190.5,1.0975948683564933
190.60000000000002,1.0982431008191251
190.70000000000002,1.098889693387764
190.8,1.0995346517388265
190.9,1.1001779815255095
191.0,1.1008196883778887
191.10000000000002,1.1014597779030164
191.20000000000002,1.102098255685018
191.3,1.1027351272851889
191.4,1.1033703982420908
191.5,1.1040040740716488
191.60000000000002,1.1046361602672463
191.70000000000002,1.1052666622998206
191.8,1.1058955856179589
191.9,1.106522935647992
192.0,1.1071487177940904
192.10000000000002,1.1077729374383583
192.20000000000002,1.1083955999409256
192.3,1.1090167106400444
192.4,1.109636274852181
192.5,1.1102542978721093
192.60000000000002,1.1108707849730026
192.70000000000002,1.1114857414065273
192.8,1.1120991724029339
192.9,1.1127110831711504
193.0,1.1133214788988715
193.10000000000002,1.113930364752652
193.20000000000002,1.1145377458779953
193.3,1.1151436273994462
193.4,1.1157480144206797
193.5,1.1163509120245914
193.60000000000002,1.1169523252733866
193.70000000000002,1.1175522592086695
193.8,1.118150718851533
193.9,1.1187477092026459
194.0,1.1193432352423422
194.10000000000002,1.1199373019307093
194.20000000000002,1.1205299142076737
194.3,1.1211210769930906
194.4,1.121710795186829
194.5,1.1222990736688603
194.60000000000002,1.1228859172993424
194.70000000000002,1.1234713309187072
194.8,1.1240553193477454
194.9,1.124637887387693
195.0,1.1252190398203148
195.10000000000002,1.1257987814079906
195.20000000000002,1.126377116893798
195.3,1.1269540510015974
195.4,1.1275295884361163
195.5,1.128103733883031
195.60000000000002,1.1286764920090522
195.70000000000002,1.129247867462004
195.8,1.1298178648709098
195.9,1.1303864888460735
196.0,1.1309537439791604
196.10000000000002,1.1315196348432792
196.20000000000002,1.1320841659930632
196.3,1.132647341964751
196.4,1.1332091672762672
196.5,1.1337696464273024
196.60000000000002,1.1343287838993934
196.70000000000002,1.1348865841560016
196.8,1.1354430516425942
196.9,1.1359981907867214
197.0,1.1365520059980956
197.10000000000002,1.1371045016686698
197.20000000000002,1.1376556821727153
197.3,1.1382055518668994
197.4,1.138754115090363
197.5,1.1393013761647972
197.60000000000002,1.1398473393945203
197.70000000000002,1.1403920090665536
197.8,1.1409353894506988
197.9,1.1414774847996119
198.0,1.14201829934888
198.10000000000002,1.1425578373170968
198.20000000000002,1.143096102905935
198.3,1.1436331003002236
198.4,1.1441688336680205
198.5,1.1447033071606871
198.60000000000002,1.1452365249129617
198.70000000000002,1.1457684910430317
198.8,1.1462992096526086
198.9,1.1468286848269988
199.0,1.1473569206351775
199.10000000000002,1.1478839211298588
199.20000000000002,1.1484096903475698
199.3,1.1489342323087197
199.4,1.1494575510176726
199.5,1.149979650462818
199.60000000000002,1.1505005346166401
199.70000000000002,1.1510202074357903
199.8,1.1515386728611543
199.9,1.1520559348179245
200.0,1.1525719972156676
200.10000000000002,1.1530868639483938
200.20000000000002,1.153600538894626
200.3,1.1541130259174681
200.4,1.154624328864673
200.5,1.1551344515687103
200.60000000000002,1.1556433978468346
200.70000000000002,1.1561511715011512
200.8,1.156657776318685
200.9,1.1571632160714458
201.0,1.1576674945164953
201.10000000000002,1.1581706153960127
201.20000000000002,1.1586725824373607
201.3,1.1591733993531517
201.4,1.1596730698413118
201.5,1.1601715975851465
201.60000000000002,1.1606689862534056
201.70000000000002,1.1611652395003467
201.8,1.1616603609657998
201.9,1.1621543542752315
202.0,1.1626472230398073
202.10000000000002,1.1631389708564566
202.20000000000002,1.163629601307934
202.3,1.1641191179628825
202.4,1.1646075243758967
202.5,1.165094824087584
202.60000000000002,1.1655810206246269
202.70000000000002,1.1660661174998437
202.8,1.1665501182122513
202.9,1.1670330262471251
203.0,1.1675148450760604
203.10000000000002,1.1679955781570324
203.20000000000002,1.168475228934456
203.3,1.168953800839247
203.4,1.1694312972888812
203.5,1.1699077216874532
203.60000000000002,1.170383077425736
203.70000000000002,1.1708573678812404
203.8,1.1713305964182728
203.9,1.1718027663879937
204.0,1.1722738811284763
204.10000000000002,1.172743943964764
204.20000000000002,1.173212958208927
204.3,1.1736809271601214
204.4,1.1741478541046453
204.5,1.1746137423159952
204.60000000000002,1.1750785950549232
204.70000000000002,1.175542415569493
204.8,1.1760052070951352
204.9,1.1764669728547048
205.0,1.1769277160585352
205.10000000000002,1.177387439904494
205.20000000000002,1.1778461475780373
205.3,1.178303842252266
205.4,1.1787605270879784
205.5,1.1792162052337265
205.60000000000002,1.1796708798258675
205.70000000000002,1.18012455398862
205.8,1.1805772308341163
205.9,1.181028913462455
206.0,1.1814796049617557
206.10000000000002,1.1819293084082108
206.20000000000002,1.1823780268661377
206.3,1.1828257633880317
206.4,1.1832725210146178
206.5,1.1837183027749028
206.60000000000002,1.1841631116862268
206.70000000000002,1.1846069507543135
206.8,1.1850498229733235
206.9,1.1854917313259024
207.0,1.1859326787832343
207.10000000000002,1.18637266830509
207.20000000000002,1.1868117028398777
207.3,1.187249785324694
207.4,1.187686918685372
207.5,1.1881231058365322
207.60000000000002,1.1885583496816308
207.70000000000002,1.188992653113009
207.8,1.189426019011942
207.9,1.1898584502486866
208.0,1.1902899496825317
208.10000000000002,1.1907205201618443
208.20000000000002,1.1911501645241176
208.3,1.19157888559602
208.4,1.1920066861934417
208.5,1.1924335691215417
208.60000000000002,1.192859537174795
208.70000000000002,1.1932845931370397
208.8,1.1937087397815234
208.9,1.1941319798709495
209.0,1.1945543161575234
209.10000000000002,1.194975751382998
209.20000000000002,1.1953962882787206
209.3,1.1958159295656765
209.4,1.1962346779545368
209.5,1.196652536145701
209.60000000000002,1.1970695068293433
209.70000000000002,1.197485592685457
209.8,1.1979007963838986
209.9,1.1983151205844331
210.0,1.1987285679367763
210.10000000000002,1.19914114108064
210.20000000000002,1.199552842645775
210.3,1.1999636752520157
210.4,1.2003736415093211
210.5,1.20078274401782
210.60000000000002,1.2011909853678524
210.70000000000002,1.2015983681400129
210.8,1.2020048949051925
210.9,1.202410568224622
211.0,1.2028153906499124
211.10000000000002,1.203219364723098
211.20000000000002,1.2036224929766774
211.3,1.2040247779336553
211.4,1.2044262221075832
211.5,1.2048268280026015
211.60000000000002,1.205226598113479
211.70000000000002,1.2056255349256544
211.8,1.2060236409152771
211.9,1.2064209185492463
212.0,1.2068173702852525
212.10000000000002,1.2072129985718165
212.20000000000002,1.207607805848329
212.3,1.2080017945450914
212.4,1.2083949670833531
212.5,1.2087873258753528
212.60000000000002,1.2091788733243563
212.70000000000002,1.209569611824695
212.8,1.2099595437618058
212.9,1.2103486715122687
213.0,1.2107369974438442
213.10000000000002,1.211124523915514
213.20000000000002,1.2115112532775156
213.3,1.2118971878713827
213.4,1.2122823300299814
213.5,1.212666682077548
213.60000000000002,1.213050246329726
213.70000000000002,1.2134330250936032
213.8,1.2138150206677487
213.9,1.2141962353422493
214.0,1.2145766713987465
214.10000000000002,1.2149563311104719
214.20000000000002,1.2153352167422846
214.3,1.215713330550706
214.4,1.2160906747839564
214.5,1.2164672516819905
214.60000000000002,1.2168430634765333
214.70000000000002,1.2172181123911134
214.8,1.2175924006411016
214.9,1.217965930433743
215.0,1.2183387039681923
215.10000000000002,1.2187107234355508
215.20000000000002,1.2190819910188968
215.3,1.2194525088933241
215.4,1.2198222792259736
215.5,1.2201913041760677
215.60000000000002,1.2205595858949454
215.70000000000002,1.220927126526094
215.8,1.2212939282051845
215.9,1.2216599930601042
216.0,1.2220253232109897
216.10000000000002,1.2223899207702604
216.20000000000002,1.222753787842651
216.3,1.223116926525245
216.4,1.2234793389075063
216.5,1.2238410270713127
216.60000000000002,1.2242019930909873
216.70000000000002,1.2245622390333313
216.8,1.2249217669576553
216.9,1.2252805789158123
217.0,1.2256386769522283
217.10000000000002,1.2259960631039344
217.20000000000002,1.2263527394005977
217.3,1.2267087078645535
217.4,1.2270639705108355
217.5,1.2274185293472075
217.60000000000002,1.2277723863741934
217.70000000000002,1.2281255435851082
217.8,1.2284780029660893
217.9,1.2288297664961259
218.0,1.2291808361470895
218.10000000000002,1.2295312138837644
218.20000000000002,1.229880901663877
218.3,1.2302299014381264
218.4,1.2305782151502134
218.5,1.2309258447368707
218.60000000000002,1.2312727921278914
218.70000000000002,1.2316190592461598
218.8,1.2319646480076782
218.9,1.2323095603215983
219.0,1.2326537980902492
219.10000000000002,1.232997363209165
219.20000000000002,1.2333402575671153
219.3,1.233682483046132
219.4,1.2340240415215384
219.5,1.2343649348619785
219.60000000000002,1.2347051649294427
219.70000000000002,1.2350447335792971
219.8,1.2353836426603115
219.9,1.2357218940146866
220.0,1.236059489478082
220.10000000000002,1.2363964308796427
220.20000000000002,1.2367327200420273
220.3,1.2370683587814348
220.4,1.237403348907632
220.5,1.2377376922239796
220.60000000000002,1.2380713905274594
220.70000000000002,1.238404445608702
220.8,1.2387368592520112
220.9,1.2390686332353922
221.0,1.2393997693305772
221.10000000000002,1.2397302693030514
221.20000000000002,1.2400601349120797
221.3,1.2403893679107318
221.4,1.2407179700459086
221.5,1.2410459430583678
221.60000000000002,1.241373288682749
221.70000000000002,1.2417000086475998
221.8,1.2420261046754009
221.9,1.2423515784825905
222.0,1.2426764317795913
222.10000000000002,1.2430006662708333
222.20000000000002,1.24332428365478
222.3,1.2436472856239529
222.4,1.243969673864956
222.5,1.2442914500585
222.60000000000002,1.2446126158794275
222.70000000000002,1.2449331729967368
222.8,1.2452531230736055
222.9,1.2455724677674158
223.0,1.2458912087297775
223.10000000000002,1.2462093476065526
223.20000000000002,1.2465268860378775
223.3,1.246843825658189
223.4,1.2471601680962459
223.5,1.2474759149751526
223.60000000000002,1.247791067912384
223.70000000000002,1.2481056285198058
223.8,1.248419598403701
223.9,1.2487329791647896
224.0,1.2490457723982544
224.10000000000002,1.2493579796937615
224.20000000000002,1.2496696026354837
224.3,1.2499806428021238
224.4,1.2502911017669363
224.5,1.2506009810977492
224.60000000000002,1.2509102823569878
224.70000000000002,1.251219007101695
224.8,1.251527156883555
224.9,1.2518347332489146
225.0,1.252141737738804
225.10000000000002,1.2524481718889604
225.20000000000002,1.2527540372298482
225.3,1.2530593352866812
225.4,1.253364067579444
225.5,1.253668235622913
225.60000000000002,1.2539718409266776
225.70000000000002,1.2542748849951617
225.8,1.2545773693276454
225.9,1.254879295418284
226.0,1.2551806647561303
226.10000000000002,1.2554814788251558
226.20000000000002,1.2557817391042696
226.3,1.2560814470673405
226.4,1.256380604183217
226.5,1.2566792119157475
226.60000000000002,1.2569772717238006
226.70000000000002,1.2572747850612853
226.8,1.2575717533771713
226.9,1.2578681781155092
227.0,1.2581640607154498
227.10000000000002,1.2584594026112643
227.20000000000002,1.2587542052323633
227.3,1.2590484700033182
227.4,1.259342198343879
227.5,1.2596353916689944
227.60000000000002,1.2599280513888313
227.70000000000002,1.260220178908794
227.8,1.2605117756295428
227.9,1.2608028429470146
228.0,1.2610933822524404
228.10000000000002,1.261383394932365
228.20000000000002,1.261672882368665
228.3,1.261961845938569
228.4,1.2622502870146757
228.5,1.2625382069649713
228.60000000000002,1.2628256071528496
228.70000000000002,1.2631124889371301
228.8,1.2633988536720753
228.9,1.2636847027074098
229.0,1.2639700373883394
229.10000000000002,1.2642548590555671
229.20000000000002,1.2645391690453123
229.3,1.2648229686893289
229.4,1.2651062593149227
229.5,1.2653890422449696
229.60000000000002,1.2656713187979325
229.70000000000002,1.2659530902878795
229.8,1.2662343580245017
229.9,1.2665151233131298
230.0,1.266795387454752
230.10000000000002,1.2670751517460317
230.20000000000002,1.2673544174793234
230.3,1.2676331859426913
230.4,1.2679114584199251
230.5,1.2681892361905585
230.60000000000002,1.2684665205298842
230.70000000000002,1.268743312708972
230.8,1.2690196139946854
230.9,1.2692954256496982
231.0,1.2695707489325108
231.10000000000002,1.2698455850974666
231.20000000000002,1.270119935394769
231.3,1.2703938010704983
231.4,1.2706671833666259
231.5,1.2709400835210327
231.60000000000002,1.2712125027675247
231.70000000000002,1.2714844423358476
231.8,1.2717559034517052
231.9,1.2720268873367735
232.0,1.2722973952087173
232.10000000000002,1.272567428281206
232.20000000000002,1.2728369877639294
232.3,1.2731060748626124
232.4,1.2733746907790322
232.5,1.2736428367110324
232.60000000000002,1.2739105138525393
232.70000000000002,1.2741777233935767
232.8,1.2744444665202819
232.9,1.2747107444149197
233.0,1.2749765582558992
233.10000000000002,1.2752419092177878
233.20000000000002,1.2755067984713262
233.3,1.275771227183444
233.4,1.276035196517274
233.5,1.2762987076321675
233.60000000000002,1.2765617616837088
233.70000000000002,1.2768243598237299
233.8,1.2770865032003251
233.9,1.2773481929578656
234.0,1.2776094302370145
234.10000000000002,1.2778702161747402
234.20000000000002,1.2781305519043316
234.3,1.2783904385554123
234.4,1.2786498772539545
234.5,1.2789088691222938
234.60000000000002,1.2791674152791424
234.70000000000002,1.2794255168396036
234.8,1.2796831749151865
234.9,1.279940390613819
235.0,1.2801971650398616
235.10000000000002,1.280453499294122
235.20000000000002,1.2807093944738686
235.3,1.2809648516728434
235.4,1.2812198719812768
235.5,1.2814744564859004
235.60000000000002,1.2817286062699607
235.70000000000002,1.2819823224132323
235.8,1.2822356059920321
235.9,1.2824884580792315
236.0,1.2827408797442708
236.10000000000002,1.2829928720531714
236.20000000000002,1.2832444360685495
236.3,1.2834955728496293
236.4,1.2837462834522557
236.5,1.2839965689289072
236.60000000000002,1.2842464303287096
236.70000000000002,1.2844958686974475
236.8,1.2847448850775784
236.9,1.2849934805082452
237.0,1.285241656025288
237.10000000000002,1.2854894126612582
237.20000000000002,1.285736751445429
237.3,1.2859836734038108
237.4,1.2862301795591606
237.5,1.2864762709309971
237.60000000000002,1.2867219485356114
237.70000000000002,1.286967213386079
237.8,1.2872120664922742
237.9,1.2874565088608798
238.0,1.287700541495401
238.10000000000002,1.287944165396177
238.20000000000002,1.2881873815603921
238.3,1.2884301909820894
238.4,1.2886725946521813
238.5,1.288914593558462
238.60000000000002,1.2891561886856198
238.70000000000002,1.2893973810152473
238.8,1.2896381715258551
238.9,1.2898785611928825
239.0,1.2901185509887085
239.10000000000002,1.2903581418826648
239.20000000000002,1.2905973348410462
239.3,1.2908361308271226
239.4,1.29107453080115
239.5,1.2913125357203827
239.60000000000002,1.2915501465390842
239.70000000000002,1.2917873642085373
239.8,1.2920241896770577
239.9,1.292260623890003
240.0,1.2924966677897853
240.10000000000002,1.2927323223158815
240.20000000000002,1.2929675884048444
240.3,1.293202466990314
240.4,1.2934369590030284
240.5,1.2936710653708345
240.60000000000002,1.2939047870186986
240.70000000000002,1.2941381248687183
240.8,1.2943710798401313
240.9,1.2946036528493283
241.0,1.2948358448098625
241.10000000000002,1.2950676566324597
241.20000000000002,1.2952990892250305
241.3,1.295530143492679
241.4,1.2957608203377147
241.5,1.295991120659662
241.60000000000002,1.2962210453552712
241.70000000000002,1.2964505953185284
241.8,1.2966797714406662
241.9,1.2969085746101734
242.0,1.2971370057128062
242.10000000000002,1.2973650656315971
242.20000000000002,1.2975927552468658
242.3,1.2978200754362292
242.4,1.2980470270746114
242.5,1.2982736110342539
242.60000000000002,1.2984998281847246
242.70000000000002,1.2987256793929292
242.8,1.2989511655231196
242.9,1.299176287436905
243.0,1.2994010459932608
243.10000000000002,1.2996254420485387
243.20000000000002,1.299849476456476
243.3,1.3000731500682063
243.4,1.3002964637322676
243.5,1.3005194182946131
243.60000000000002,1.3007420145986206
243.70000000000002,1.3009642534851007
243.8,1.3011861357923082
243.9,1.3014076623559503
244.0,1.3016288340091962
244.10000000000002,1.3018496515826863
244.20000000000002,1.3020701159045418
244.3,1.3022902278003738
244.4,1.3025099880932927
244.5,1.302729397603917
244.60000000000002,1.3029484571503827
244.70000000000002,1.3031671675483518
244.8,1.303385529611023
244.9,1.303603544149139
245.0,1.3038212119709955
245.10000000000002,1.304038533882452
245.20000000000002,1.3042555106869385
245.3,1.3044721431854656
245.4,1.3046884321766328
245.5,1.304904378456638
245.60000000000002,1.3051199828192857
245.70000000000002,1.3053352460559955
245.8,1.305550168955811
245.9,1.3057647523054092
246.0,1.3059789968891078
246.10000000000002,1.3061929034888746
246.20000000000002,1.3064064728843363
246.3,1.306619705852786
246.4,1.3068326031691921
246.5,1.3070451656062074
246.60000000000002,1.307257393934177
246.70000000000002,1.307469288921146
246.8,1.3076808513328686
246.9,1.3078920819328168
247.0,1.3081029814821874
247.10000000000002,1.3083135507399115
247.20000000000002,1.3085237904626612
247.3,1.3087337014048597
247.4,1.3089432843186874
247.5,1.3091525399540918
247.60000000000002,1.309361469058794
247.70000000000002,1.3095700723782975
247.8,1.3097783506558964
247.9,1.3099863046326832
248.0,1.3101939350475558
248.10000000000002,1.3104012426372265
248.20000000000002,1.3106082281362297
248.3,1.3108148922769294
248.4,1.311021235789527
248.5,1.3112272594020689
248.60000000000002,1.311432963840455
248.70000000000002,1.3116383498284454
248.8,1.3118434180876686
248.9,1.312048169337629
249.0,1.3122526042957148
249.10000000000002,1.312456723677205
249.20000000000002,1.3126605281952768
249.3,1.3128640185610145
249.4,1.3130671954834154
249.5,1.3132700596693976
249.60000000000002,1.313472611823808
249.70000000000002,1.313674852649429
249.8,1.3138767828469866
249.9,1.3140784031151567
250.0,1.314279714150573
250.10000000000002,1.3144807166478347
250.20000000000002,1.3146814112995127
250.3,1.3148817987961572
250.4,1.3150818798263055
250.5,1.3152816550764883
250.60000000000002,1.3154811252312375
250.70000000000002,1.3156802909730918
250.8,1.315879152982606
250.9,1.3160777119383562
251.0,1.3162759685169476
251.10000000000002,1.3164739233930218
251.20000000000002,1.3166715772392625
251.3,1.3168689307264034
251.4,1.3170659845232349
251.5,1.3172627392966105
251.60000000000002,1.317459195711455
251.70000000000002,1.3176553544307688
251.8,1.317851216115637
251.9,1.3180467814252357
252.0,1.3182420510168371
252.10000000000002,1.3184370255458182
252.20000000000002,1.3186317056656667
252.3,1.3188260920279866
252.4,1.319020185282507
252.5,1.3192139860770864
252.60000000000002,1.3194074950577208
252.70000000000002,1.3196007128685496
252.8,1.319793640151862
252.9,1.3199862775481037
253.0,1.3201786256958834
253.10000000000002,1.3203706852319788
253.20000000000002,1.3205624567913437
253.3,1.3207539410071134
253.4,1.3209451385106121
253.5,1.3211360499313582
253.60000000000002,1.3213266758970719
253.70000000000002,1.3215170170336794
253.8,1.3217070739653212
253.9,1.3218968473143575
254.0,1.3220863377013738
254.10000000000002,1.322275545745188
254.20000000000002,1.3224644720628564
254.3,1.3226531172696787
254.4,1.3228414819792058
254.5,1.3230295668032446
254.60000000000002,1.3232173723518643
254.70000000000002,1.3234048992334029
254.8,1.3235921480544728
254.9,1.3237791194199662
